<?xml version="1.0"?>
<!--<!DOCTYPE metadata SYSTEM "http://www.esri.com/metadata/esriprof80.dtd">-->
<metadata xml:lang="en"><Esri><CreaDate>20160816</CreaDate><CreaTime>15530900</CreaTime><SyncOnce>FALSE</SyncOnce><SyncDate>20090813</SyncDate><SyncTime>13452800</SyncTime><ModDate>20090813</ModDate><ModTime>13452800</ModTime><DataProperties><lineage><Process ToolSource="C:\Program Files\ArcGIS\ArcToolbox\Toolboxes\Data Management Tools.tbx\CopyFeatures" Date="20090217" Time="121514">CopyFeatures "P:\Copy of Compilation_Densif_Route\GRand_Axe_Routier\Reseau_Principal_Topologie.shp" "P:\Copy of Compilation_Densif_Route\Correction_Renaldo.mdb\Networking\Reseau_Principal_Topologie" # 0 0 0</Process><Process Name="Merge_1" ToolSource="C:\Program Files\ArcGIS\ArcToolbox\Toolboxes\Data Management Tools.tbx\Merge" Date="20090519" Time="135137">Merge 'P:\Copy of Compilation_Densif_Route\Correction_Renaldo.mdb\Networking\Reseau_Principal_Topologie';'P:\Copy of Compilation_Densif_Route\Correction_Renaldo.mdb\Networking\Reseau_Routier_Densifie' "P:\Copy of Compilation_Densif_Route\Correction_Renaldo.mdb\Networking\Densification_Reseau_Routier" "OBJECTID OBJECTID true true false 4 Long 0 0 ,First,#,P:\Copy of Compilation_Densif_Route\Correction_Renaldo.mdb\Networking\Reseau_Principal_Topologie,OBJECTID,-1,-1,P:\Copy of Compilation_Densif_Route\Correction_Renaldo.mdb\Networking\Reseau_Routier_Densifie,OBJECTID,-1,-1;cod_tronc cod_tronc true true false 15 Text 0 0 ,First,#,P:\Copy of Compilation_Densif_Route\Correction_Renaldo.mdb\Networking\Reseau_Principal_Topologie,cod_tronc,-1,-1,P:\Copy of Compilation_Densif_Route\Correction_Renaldo.mdb\Networking\Reseau_Routier_Densifie,cod_tronc,-1,-1;cod_route cod_route true true false 10 Text 0 0 ,First,#,P:\Copy of Compilation_Densif_Route\Correction_Renaldo.mdb\Networking\Reseau_Principal_Topologie,cod_route,-1,-1,P:\Copy of Compilation_Densif_Route\Correction_Renaldo.mdb\Networking\Reseau_Routier_Densifie,cod_route,-1,-1;cod_urbain cod_urbain true true false 10 Text 0 0 ,First,#,P:\Copy of Compilation_Densif_Route\Correction_Renaldo.mdb\Networking\Reseau_Principal_Topologie,cod_urbain,-1,-1,P:\Copy of Compilation_Densif_Route\Correction_Renaldo.mdb\Networking\Reseau_Routier_Densifie,cod_urbain,-1,-1;nom_off nom_off true true false 254 Text 0 0 ,First,#,P:\Copy of Compilation_Densif_Route\Correction_Renaldo.mdb\Networking\Reseau_Principal_Topologie,nom_off,-1,-1,P:\Copy of Compilation_Densif_Route\Correction_Renaldo.mdb\Networking\Reseau_Routier_Densifie,nom_off,-1,-1;nom_sec nom_sec true true false 254 Text 0 0 ,First,#,P:\Copy of Compilation_Densif_Route\Correction_Renaldo.mdb\Networking\Reseau_Principal_Topologie,nom_sec,-1,-1,P:\Copy of Compilation_Densif_Route\Correction_Renaldo.mdb\Networking\Reseau_Routier_Densifie,nom_sec,-1,-1;noeud_deb noeud_deb true true false 4 Long 0 0 ,First,#,P:\Copy of Compilation_Densif_Route\Correction_Renaldo.mdb\Networking\Reseau_Principal_Topologie,noeud_deb,-1,-1,P:\Copy of Compilation_Densif_Route\Correction_Renaldo.mdb\Networking\Reseau_Routier_Densifie,noeud_deb,-1,-1;noeud_fin noeud_fin true true false 4 Long 0 0 ,First,#,P:\Copy of Compilation_Densif_Route\Correction_Renaldo.mdb\Networking\Reseau_Principal_Topologie,noeud_fin,-1,-1,P:\Copy of Compilation_Densif_Route\Correction_Renaldo.mdb\Networking\Reseau_Routier_Densifie,noeud_fin,-1,-1;type_tronc type_tronc true true false 3 Text 0 0 ,First,#,P:\Copy of Compilation_Densif_Route\Correction_Renaldo.mdb\Networking\Reseau_Principal_Topologie,type_tronc,-1,-1,P:\Copy of Compilation_Densif_Route\Correction_Renaldo.mdb\Networking\Reseau_Routier_Densifie,type_tronc,-1,-1;cls_tcn_fn cls_tcn_fn true true false 1 Text 0 0 ,First,#,P:\Copy of Compilation_Densif_Route\Correction_Renaldo.mdb\Networking\Reseau_Principal_Topologie,cls_tcn_fn,-1,-1,P:\Copy of Compilation_Densif_Route\Correction_Renaldo.mdb\Networking\Reseau_Routier_Densifie,cls_tcn_fn,-1,-1;cls_admin cls_admin true true false 2 Text 0 0 ,First,#,P:\Copy of Compilation_Densif_Route\Correction_Renaldo.mdb\Networking\Reseau_Principal_Topologie,cls_admin,-1,-1,P:\Copy of Compilation_Densif_Route\Correction_Renaldo.mdb\Networking\Reseau_Routier_Densifie,cls_admin,-1,-1;type_sed type_sed true true false 2 Text 0 0 ,First,#,P:\Copy of Compilation_Densif_Route\Correction_Renaldo.mdb\Networking\Reseau_Principal_Topologie,type_sed,-1,-1,P:\Copy of Compilation_Densif_Route\Correction_Renaldo.mdb\Networking\Reseau_Routier_Densifie,type_sed,-1,-1;etat_util etat_util true true false 2 Text 0 0 ,First,#,P:\Copy of Compilation_Densif_Route\Correction_Renaldo.mdb\Networking\Reseau_Principal_Topologie,etat_util,-1,-1,P:\Copy of Compilation_Densif_Route\Correction_Renaldo.mdb\Networking\Reseau_Routier_Densifie,etat_util,-1,-1;type_rev type_rev true true false 3 Text 0 0 ,First,#,P:\Copy of Compilation_Densif_Route\Correction_Renaldo.mdb\Networking\Reseau_Principal_Topologie,type_rev,-1,-1,P:\Copy of Compilation_Densif_Route\Correction_Renaldo.mdb\Networking\Reseau_Routier_Densifie,type_rev,-1,-1;source source true true false 2 Text 0 0 ,First,#,P:\Copy of Compilation_Densif_Route\Correction_Renaldo.mdb\Networking\Reseau_Principal_Topologie,source,-1,-1,P:\Copy of Compilation_Densif_Route\Correction_Renaldo.mdb\Networking\Reseau_Routier_Densifie,source,-1,-1;separat separat true true false 1 Text 0 0 ,First,#,P:\Copy of Compilation_Densif_Route\Correction_Renaldo.mdb\Networking\Reseau_Principal_Topologie,separat,-1,-1,P:\Copy of Compilation_Densif_Route\Correction_Renaldo.mdb\Networking\Reseau_Routier_Densifie,separat,-1,-1;sens_circu sens_circu true true false 2 Text 0 0 ,First,#,P:\Copy of Compilation_Densif_Route\Correction_Renaldo.mdb\Networking\Reseau_Principal_Topologie,sens_circu,-1,-1,P:\Copy of Compilation_Densif_Route\Correction_Renaldo.mdb\Networking\Reseau_Routier_Densifie,sens_circu,-1,-1;cod_admin cod_admin true true false 8 Text 0 0 ,First,#,P:\Copy of Compilation_Densif_Route\Correction_Renaldo.mdb\Networking\Reseau_Principal_Topologie,cod_admin,-1,-1,P:\Copy of Compilation_Densif_Route\Correction_Renaldo.mdb\Networking\Reseau_Routier_Densifie,cod_admin,-1,-1;SHAPE_Leng SHAPE_Leng true true false 8 Double 0 0 ,First,#,P:\Copy of Compilation_Densif_Route\Correction_Renaldo.mdb\Networking\Reseau_Principal_Topologie,SHAPE_Leng,-1,-1,P:\Copy of Compilation_Densif_Route\Correction_Renaldo.mdb\Networking\Reseau_Routier_Densifie,Shape_Leng,-1,-1;X1 X1 true true false 8 Double 0 0 ,First,#,P:\Copy of Compilation_Densif_Route\Correction_Renaldo.mdb\Networking\Reseau_Principal_Topologie,X1,-1,-1,P:\Copy of Compilation_Densif_Route\Correction_Renaldo.mdb\Networking\Reseau_Routier_Densifie,X1,-1,-1;Y1 Y1 true true false 8 Double 0 0 ,First,#,P:\Copy of Compilation_Densif_Route\Correction_Renaldo.mdb\Networking\Reseau_Principal_Topologie,Y1,-1,-1,P:\Copy of Compilation_Densif_Route\Correction_Renaldo.mdb\Networking\Reseau_Routier_Densifie,Y1,-1,-1;X2 X2 true true false 8 Double 0 0 ,First,#,P:\Copy of Compilation_Densif_Route\Correction_Renaldo.mdb\Networking\Reseau_Principal_Topologie,X2,-1,-1,P:\Copy of Compilation_Densif_Route\Correction_Renaldo.mdb\Networking\Reseau_Routier_Densifie,X2,-1,-1;Y2 Y2 true true false 8 Double 0 0 ,First,#,P:\Copy of Compilation_Densif_Route\Correction_Renaldo.mdb\Networking\Reseau_Principal_Topologie,Y2,-1,-1,P:\Copy of Compilation_Densif_Route\Correction_Renaldo.mdb\Networking\Reseau_Routier_Densifie,Y2,-1,-1;ID_IF ID_IF true true false 4 Long 0 0 ,First,#,P:\Copy of Compilation_Densif_Route\Correction_Renaldo.mdb\Networking\Reseau_Principal_Topologie,ID_IF,-1,-1,P:\Copy of Compilation_Densif_Route\Correction_Renaldo.mdb\Networking\Reseau_Routier_Densifie,ID_IF,-1,-1;Shape_Length Shape_Length false true true 8 Double 0 0 ,First,#,P:\Copy of Compilation_Densif_Route\Correction_Renaldo.mdb\Networking\Reseau_Principal_Topologie,Shape_Length,-1,-1,P:\Copy of Compilation_Densif_Route\Correction_Renaldo.mdb\Networking\Reseau_Routier_Densifie,Shape_Length,-1,-1;sens_circul sens_circul true true false 2 Text 0 0 ,First,#,P:\Copy of Compilation_Densif_Route\Correction_Renaldo.mdb\Networking\Reseau_Routier_Densifie,sens_circul,-1,-1;Ordre_Imp Ordre Importance de la route true true false 2 Text 0 0 ,First,#,P:\Copy of Compilation_Densif_Route\Correction_Renaldo.mdb\Networking\Reseau_Routier_Densifie,Ordre_Imp,-1,-1;operator operator true true false 50 Text 0 0 ,First,#,P:\Copy of Compilation_Densif_Route\Correction_Renaldo.mdb\Networking\Reseau_Routier_Densifie,operator,-1,-1;Id Id true true false 4 Long 0 0 ,First,#,P:\Copy of Compilation_Densif_Route\Correction_Renaldo.mdb\Networking\Reseau_Routier_Densifie,Id,-1,-1;Numeri_Par Numeri_Par true true false 7 Text 0 0 ,First,#,P:\Copy of Compilation_Densif_Route\Correction_Renaldo.mdb\Networking\Reseau_Routier_Densifie,Numeri_Par,-1,-1;Trace_ID Trace_ID true true false 11 Text 0 0 ,First,#,P:\Copy of Compilation_Densif_Route\Correction_Renaldo.mdb\Networking\Reseau_Routier_Densifie,Trace_ID,-1,-1;OBJECTID_1 OBJECTID_1 true true false 2 Short 0 0 ,First,#,P:\Copy of Compilation_Densif_Route\Correction_Renaldo.mdb\Networking\Reseau_Routier_Densifie,OBJECTID_1,-1,-1;toponymie toponymie true true false 2 Short 0 0 ,First,#,P:\Copy of Compilation_Densif_Route\Correction_Renaldo.mdb\Networking\Reseau_Routier_Densifie,toponymie,-1,-1;Type_Trace Type_Trace true true false 10 Text 0 0 ,First,#,P:\Copy of Compilation_Densif_Route\Correction_Renaldo.mdb\Networking\Reseau_Routier_Densifie,Type_Trace,-1,-1;Etat_Numer Etat_Numer true true false 20 Text 0 0 ,First,#,P:\Copy of Compilation_Densif_Route\Correction_Renaldo.mdb\Networking\Reseau_Routier_Densifie,Etat_Numer,-1,-1;Importance Importance true true false 50 Text 0 0 ,First,#,P:\Copy of Compilation_Densif_Route\Correction_Renaldo.mdb\Networking\Reseau_Routier_Densifie,Importance,-1,-1"</Process><Process Name="FeatureClassToFeatureClass_2" ToolSource="C:\Program Files\ArcGIS\ArcToolbox\Toolboxes\Conversion Tools.tbx\FeatureClassToFeatureClass" Date="20090813" Time="134947">FeatureClassToFeatureClass "P:\Copy of Compilation_Densif_Route\Correction_Renaldo.mdb\Networking\Densification_Reseau_Routier" "P:\Copy of Compilation_Densif_Route\Route" Route_Dense1.shp # "OBJECTID OBJECTID true true false 4 Long 0 0 ,First,#,P:\Copy of Compilation_Densif_Route\Correction_Renaldo.mdb\Networking\Densification_Reseau_Routier,OBJECTID,-1,-1;cod_tronc cod_tronc true true false 15 Text 0 0 ,First,#,P:\Copy of Compilation_Densif_Route\Correction_Renaldo.mdb\Networking\Densification_Reseau_Routier,cod_tronc,-1,-1;cod_route cod_route true true false 10 Text 0 0 ,First,#,P:\Copy of Compilation_Densif_Route\Correction_Renaldo.mdb\Networking\Densification_Reseau_Routier,cod_route,-1,-1;cod_urbain cod_urbain true true false 10 Text 0 0 ,First,#,P:\Copy of Compilation_Densif_Route\Correction_Renaldo.mdb\Networking\Densification_Reseau_Routier,cod_urbain,-1,-1;nom_off nom_off true true false 254 Text 0 0 ,First,#,P:\Copy of Compilation_Densif_Route\Correction_Renaldo.mdb\Networking\Densification_Reseau_Routier,nom_off,-1,-1;nom_sec nom_sec true true false 254 Text 0 0 ,First,#,P:\Copy of Compilation_Densif_Route\Correction_Renaldo.mdb\Networking\Densification_Reseau_Routier,nom_sec,-1,-1;noeud_deb noeud_deb true true false 4 Long 0 0 ,First,#,P:\Copy of Compilation_Densif_Route\Correction_Renaldo.mdb\Networking\Densification_Reseau_Routier,noeud_deb,-1,-1;noeud_fin noeud_fin true true false 4 Long 0 0 ,First,#,P:\Copy of Compilation_Densif_Route\Correction_Renaldo.mdb\Networking\Densification_Reseau_Routier,noeud_fin,-1,-1;type_tronc type_tronc true true false 3 Text 0 0 ,First,#,P:\Copy of Compilation_Densif_Route\Correction_Renaldo.mdb\Networking\Densification_Reseau_Routier,type_tronc,-1,-1;cls_tcn_fn cls_tcn_fn true true false 1 Text 0 0 ,First,#,P:\Copy of Compilation_Densif_Route\Correction_Renaldo.mdb\Networking\Densification_Reseau_Routier,cls_tcn_fn,-1,-1;cls_admin cls_admin true true false 2 Text 0 0 ,First,#,P:\Copy of Compilation_Densif_Route\Correction_Renaldo.mdb\Networking\Densification_Reseau_Routier,cls_admin,-1,-1;type_sed type_sed true true false 2 Text 0 0 ,First,#,P:\Copy of Compilation_Densif_Route\Correction_Renaldo.mdb\Networking\Densification_Reseau_Routier,type_sed,-1,-1;etat_util etat_util true true false 2 Text 0 0 ,First,#,P:\Copy of Compilation_Densif_Route\Correction_Renaldo.mdb\Networking\Densification_Reseau_Routier,etat_util,-1,-1;type_rev type_rev true true false 3 Text 0 0 ,First,#,P:\Copy of Compilation_Densif_Route\Correction_Renaldo.mdb\Networking\Densification_Reseau_Routier,type_rev,-1,-1;source source true true false 2 Text 0 0 ,First,#,P:\Copy of Compilation_Densif_Route\Correction_Renaldo.mdb\Networking\Densification_Reseau_Routier,source,-1,-1;separat separat true true false 1 Text 0 0 ,First,#,P:\Copy of Compilation_Densif_Route\Correction_Renaldo.mdb\Networking\Densification_Reseau_Routier,separat,-1,-1;sens_circu sens_circu true true false 2 Text 0 0 ,First,#,P:\Copy of Compilation_Densif_Route\Correction_Renaldo.mdb\Networking\Densification_Reseau_Routier,sens_circu,-1,-1;cod_admin cod_admin true true false 8 Text 0 0 ,First,#,P:\Copy of Compilation_Densif_Route\Correction_Renaldo.mdb\Networking\Densification_Reseau_Routier,cod_admin,-1,-1;SHAPE_Leng SHAPE_Leng true true false 8 Double 0 0 ,First,#,P:\Copy of Compilation_Densif_Route\Correction_Renaldo.mdb\Networking\Densification_Reseau_Routier,SHAPE_Leng,-1,-1;X1 X1 true true false 8 Double 0 0 ,First,#,P:\Copy of Compilation_Densif_Route\Correction_Renaldo.mdb\Networking\Densification_Reseau_Routier,X1,-1,-1;Y1 Y1 true true false 8 Double 0 0 ,First,#,P:\Copy of Compilation_Densif_Route\Correction_Renaldo.mdb\Networking\Densification_Reseau_Routier,Y1,-1,-1;X2 X2 true true false 8 Double 0 0 ,First,#,P:\Copy of Compilation_Densif_Route\Correction_Renaldo.mdb\Networking\Densification_Reseau_Routier,X2,-1,-1;Y2 Y2 true true false 8 Double 0 0 ,First,#,P:\Copy of Compilation_Densif_Route\Correction_Renaldo.mdb\Networking\Densification_Reseau_Routier,Y2,-1,-1;ID_IF ID_IF true true false 4 Long 0 0 ,First,#,P:\Copy of Compilation_Densif_Route\Correction_Renaldo.mdb\Networking\Densification_Reseau_Routier,ID_IF,-1,-1;sens_cir_1 sens_circul true true false 2 Text 0 0 ,First,#,P:\Copy of Compilation_Densif_Route\Correction_Renaldo.mdb\Networking\Densification_Reseau_Routier,sens_circul,-1,-1;Ordre_Imp Ordre Importance de la route true true false 2 Text 0 0 ,First,#,P:\Copy of Compilation_Densif_Route\Correction_Renaldo.mdb\Networking\Densification_Reseau_Routier,Ordre_Imp,-1,-1;operator operator true true false 50 Text 0 0 ,First,#,P:\Copy of Compilation_Densif_Route\Correction_Renaldo.mdb\Networking\Densification_Reseau_Routier,operator,-1,-1;Id Id true true false 4 Long 0 0 ,First,#,P:\Copy of Compilation_Densif_Route\Correction_Renaldo.mdb\Networking\Densification_Reseau_Routier,Id,-1,-1;Numeri_Par Numeri_Par true true false 7 Text 0 0 ,First,#,P:\Copy of Compilation_Densif_Route\Correction_Renaldo.mdb\Networking\Densification_Reseau_Routier,Numeri_Par,-1,-1;Trace_ID Trace_ID true true false 11 Text 0 0 ,First,#,P:\Copy of Compilation_Densif_Route\Correction_Renaldo.mdb\Networking\Densification_Reseau_Routier,Trace_ID,-1,-1;OBJECTID_1 OBJECTID_1 true true false 2 Short 0 0 ,First,#,P:\Copy of Compilation_Densif_Route\Correction_Renaldo.mdb\Networking\Densification_Reseau_Routier,OBJECTID_1,-1,-1;toponymie toponymie true true false 2 Short 0 0 ,First,#,P:\Copy of Compilation_Densif_Route\Correction_Renaldo.mdb\Networking\Densification_Reseau_Routier,toponymie,-1,-1;Type_Trace Type_Trace true true false 10 Text 0 0 ,First,#,P:\Copy of Compilation_Densif_Route\Correction_Renaldo.mdb\Networking\Densification_Reseau_Routier,Type_Trace,-1,-1;Etat_Numer Etat_Numer true true false 20 Text 0 0 ,First,#,P:\Copy of Compilation_Densif_Route\Correction_Renaldo.mdb\Networking\Densification_Reseau_Routier,Etat_Numer,-1,-1;Importance Importance true true false 50 Text 0 0 ,First,#,P:\Copy of Compilation_Densif_Route\Correction_Renaldo.mdb\Networking\Densification_Reseau_Routier,Importance,-1,-1;Shape_Le_1 Shape_Length false true true 8 Double 0 0 ,First,#,P:\Copy of Compilation_Densif_Route\Correction_Renaldo.mdb\Networking\Densification_Reseau_Routier,Shape_Length,-1,-1" # "P:\Copy of Compilation_Densif_Route\Route\Route_Dense1.shp"</Process><Process ToolSource="c:\program files (x86)\arcgis\desktop10.1\ArcToolbox\Toolboxes\Data Management Tools.tbx\DefineProjection" Date="20140526" Time="080244">DefineProjection Route-Dense PROJCS['WGS_1984_UTM_Zone_18N',GEOGCS['GCS_WGS_1984',DATUM['D_WGS_1984',SPHEROID['WGS_1984',6378137.0,298.257223563]],PRIMEM['Greenwich',0.0],UNIT['Degree',0.0174532925199433]],PROJECTION['Transverse_Mercator'],PARAMETER['False_Easting',500000.0],PARAMETER['False_Northing',0.0],PARAMETER['Central_Meridian',-75.0],PARAMETER['Scale_Factor',0.9996],PARAMETER['Latitude_Of_Origin',0.0],UNIT['Meter',1.0]]</Process><Process ToolSource="c:\program files (x86)\arcgis\desktop10.1\ArcToolbox\Toolboxes\Data Management Tools.tbx\DefineProjection" Date="20140526" Time="082209">DefineProjection Route-Dense PROJCS['WGS_1984_UTM_Zone_18N',GEOGCS['GCS_WGS_1984',DATUM['D_WGS_1984',SPHEROID['WGS_1984',6378137.0,298.257223563]],PRIMEM['Greenwich',0.0],UNIT['Degree',0.0174532925199433]],PROJECTION['Transverse_Mercator'],PARAMETER['False_Easting',500000.0],PARAMETER['False_Northing',0.0],PARAMETER['Central_Meridian',-75.0],PARAMETER['Scale_Factor',0.9996],PARAMETER['Latitude_Of_Origin',0.0],UNIT['Meter',1.0]]</Process></lineage></DataProperties><ArcGISFormat>1.0</ArcGISFormat><ArcGISstyle>ISO 19139 Metadata Implementation Specification</ArcGISstyle></Esri><idinfo><native Sync="TRUE">Microsoft Windows XP Version 5.1 (Build 2600) Service Pack 2; ESRI ArcCatalog 9.2.0.1324</native><descript><langdata Sync="TRUE">en</langdata><abstract>REQUIRED: A brief narrative summary of the data set.</abstract><purpose>REQUIRED: A summary of the intentions with which the data set was developed.</purpose></descript><citation><citeinfo><origin>REQUIRED: The name of an organization or individual that developed the data set.</origin><pubdate>REQUIRED: The date when the data set is published or otherwise made available for release.</pubdate><title Sync="TRUE">Route_Dense1</title><ftname Sync="TRUE">Route_Dense1</ftname><geoform Sync="TRUE">vector digital data</geoform><onlink Sync="TRUE"></onlink></citeinfo></citation><timeperd><current>REQUIRED: The basis on which the time period of content information is determined.</current><timeinfo><sngdate><caldate>REQUIRED: The year (and optionally month, or month and day) for which the data set corresponds to the ground.</caldate></sngdate></timeinfo></timeperd><status><progress>REQUIRED: The state of the data set.</progress><update>REQUIRED: The frequency with which changes and additions are made to the data set after the initial data set is completed.</update></status><spdom><bounding><westbc Sync="TRUE">REQUIRED: Western-most coordinate of the limit of coverage expressed in longitude.</westbc><eastbc Sync="TRUE">REQUIRED: Eastern-most coordinate of the limit of coverage expressed in longitude.</eastbc><northbc Sync="TRUE">REQUIRED: Northern-most coordinate of the limit of coverage expressed in latitude.</northbc><southbc Sync="TRUE">REQUIRED: Southern-most coordinate of the limit of coverage expressed in latitude.</southbc></bounding></spdom><keywords><theme><themekt>REQUIRED: Reference to a formally registered thesaurus or a similar authoritative source of theme keywords.</themekt><themekey>REQUIRED: Common-use word or phrase used to describe the subject of the data set.</themekey></theme></keywords><accconst>REQUIRED: Restrictions and legal prerequisites for accessing the data set.</accconst><useconst>REQUIRED: Restrictions and legal prerequisites for using the data set after access is granted.</useconst><natvform Sync="TRUE">Shapefile</natvform></idinfo><dataIdInfo><envirDesc Sync="TRUE">Microsoft Windows XP Version 5.1 (Build 2600) Service Pack 2; ESRI ArcCatalog 9.2.0.1324</envirDesc><dataLang><languageCode Sync="TRUE" value="en"></languageCode></dataLang><idCitation><resTitle Sync="TRUE">Route_Dense1</resTitle><presForm><PresFormCd Sync="TRUE" value="005"></PresFormCd></presForm></idCitation><spatRpType><SpatRepTypCd Sync="TRUE" value="001"></SpatRepTypCd></spatRpType></dataIdInfo><metainfo><langmeta Sync="TRUE">en</langmeta><metstdn Sync="TRUE">FGDC Content Standards for Digital Geospatial Metadata</metstdn><metstdv Sync="TRUE">FGDC-STD-001-1998</metstdv><mettc Sync="TRUE">local time</mettc><metc><cntinfo><cntorgp><cntper>REQUIRED: The person responsible for the metadata information.</cntper><cntorg>REQUIRED: The organization responsible for the metadata information.</cntorg></cntorgp><cntaddr><addrtype>REQUIRED: The mailing and/or physical address for the organization or individual.</addrtype><city>REQUIRED: The city of the address.</city><state>REQUIRED: The state or province of the address.</state><postal>REQUIRED: The ZIP or other postal code of the address.</postal></cntaddr><cntvoice>REQUIRED: The telephone number by which individuals can speak to the organization or individual.</cntvoice></cntinfo></metc><metd Sync="TRUE">20090813</metd><metextns><onlink Sync="TRUE">http://www.esri.com/metadata/esriprof80.html</onlink><metprof Sync="TRUE">ESRI Metadata Profile</metprof></metextns></metainfo><mdLang><languageCode Sync="TRUE" value="en"></languageCode></mdLang><mdStanName Sync="TRUE">ISO 19115 Geographic Information - Metadata</mdStanName><mdStanVer Sync="TRUE">DIS_ESRI1.0</mdStanVer><mdChar><CharSetCd Sync="TRUE" value="004"></CharSetCd></mdChar><mdHrLv><ScopeCd Sync="TRUE" value="005"></ScopeCd></mdHrLv><mdHrLvName Sync="TRUE">dataset</mdHrLvName><distinfo><resdesc Sync="TRUE">Downloadable Data</resdesc><stdorder><digform><digtinfo><transize Sync="TRUE">0.000</transize><dssize Sync="TRUE">0.000</dssize></digtinfo></digform></stdorder></distinfo><distInfo><distributor><distorTran><onLineSrc><orDesc Sync="TRUE">002</orDesc><linkage Sync="TRUE">file://\\PRODUCTION4A1\P\Copy of Compilation_Densif_Route\Route\Route_Dense1.shp</linkage><protocol Sync="TRUE">Local Area Network</protocol></onLineSrc><transSize Sync="TRUE">0.000</transSize></distorTran><distorFormat><formatName Sync="TRUE">Shapefile</formatName></distorFormat></distributor></distInfo><spdoinfo><direct Sync="TRUE">Vector</direct><ptvctinf><esriterm Name="Route_Dense1"><efeatyp Sync="TRUE">Simple</efeatyp><efeageom Sync="TRUE">Polyline</efeageom><esritopo Sync="TRUE">FALSE</esritopo><efeacnt Sync="TRUE">0</efeacnt><spindex Sync="TRUE">FALSE</spindex><linrefer Sync="TRUE">FALSE</linrefer></esriterm><sdtsterm Name="Route_Dense1"><sdtstype Sync="TRUE">String</sdtstype><ptvctcnt Sync="TRUE">0</ptvctcnt></sdtsterm></ptvctinf></spdoinfo><spref><horizsys><cordsysn><geogcsn Sync="TRUE">GCS_WGS_1984</geogcsn><projcsn Sync="TRUE">WGS_1984_UTM_Zone_18N</projcsn></cordsysn><planar><planci><plance Sync="TRUE">coordinate pair</plance><plandu Sync="TRUE">meters</plandu><coordrep><absres Sync="TRUE">0.000000</absres><ordres Sync="TRUE">0.000000</ordres></coordrep></planci><gridsys><gridsysn Sync="TRUE">Universal Transverse Mercator</gridsysn><utm><utmzone Sync="TRUE">18</utmzone><transmer><sfctrmer Sync="TRUE">0.999600</sfctrmer><longcm Sync="TRUE">-75.000000</longcm><latprjo Sync="TRUE">0.000000</latprjo><feast Sync="TRUE">500000.000000</feast><fnorth Sync="TRUE">0.000000</fnorth></transmer></utm></gridsys></planar><geodetic><horizdn Sync="TRUE">D_WGS_1984</horizdn><ellips Sync="TRUE">WGS_1984</ellips><semiaxis Sync="TRUE">6378137.000000</semiaxis><denflat Sync="TRUE">298.257224</denflat></geodetic></horizsys><vertdef><altsys><altenc Sync="TRUE">Explicit elevation coordinate included with horizontal coordinates</altenc><altres Sync="TRUE">0.000100</altres></altsys></vertdef></spref><refSysInfo><RefSystem><refSysID><identCode Sync="TRUE">WGS_1984_UTM_Zone_18N</identCode></refSysID></RefSystem></refSysInfo><spatRepInfo><VectSpatRep><topLvl><TopoLevCd Sync="TRUE" value="001"></TopoLevCd></topLvl><geometObjs Name="Route_Dense1"><geoObjTyp><GeoObjTypCd Sync="TRUE" value="001"></GeoObjTypCd></geoObjTyp><geoObjCnt Sync="TRUE">0</geoObjCnt></geometObjs></VectSpatRep></spatRepInfo><eainfo><detailed Name="Route_Dense1"><enttyp><enttypl Sync="TRUE">Route_Dense1</enttypl><enttypt Sync="TRUE">Feature Class</enttypt><enttypc Sync="TRUE">0</enttypc></enttyp><attr><attrlabl Sync="TRUE">OBJECTID_1</attrlabl><attalias Sync="TRUE">OBJECTID_1</attalias><attrtype Sync="TRUE">OID</attrtype><attwidth Sync="TRUE">4</attwidth><atprecis Sync="TRUE">0</atprecis><attscale Sync="TRUE">0</attscale><attrdef Sync="TRUE">Internal feature number.</attrdef><attrdefs Sync="TRUE">ESRI</attrdefs><attrdomv><udom Sync="TRUE">Sequential unique whole numbers that are automatically generated.</udom></attrdomv></attr><attr><attrlabl Sync="TRUE">Shape</attrlabl><attalias Sync="TRUE">Shape</attalias><attrtype Sync="TRUE">Geometry</attrtype><attwidth Sync="TRUE">0</attwidth><atprecis Sync="TRUE">0</atprecis><attscale Sync="TRUE">0</attscale><attrdef Sync="TRUE">Feature geometry.</attrdef><attrdefs Sync="TRUE">ESRI</attrdefs><attrdomv><udom Sync="TRUE">Coordinates defining the features.</udom></attrdomv></attr><attr><attrlabl Sync="TRUE">OBJECTID</attrlabl><attalias Sync="TRUE">OBJECTID</attalias><attrtype Sync="TRUE">Number</attrtype><attwidth Sync="TRUE">9</attwidth></attr><attr><attrlabl Sync="TRUE">cod_tronc</attrlabl><attalias Sync="TRUE">cod_tronc</attalias><attrtype Sync="TRUE">String</attrtype><attwidth Sync="TRUE">15</attwidth></attr><attr><attrlabl Sync="TRUE">cod_route</attrlabl><attalias Sync="TRUE">cod_route</attalias><attrtype Sync="TRUE">String</attrtype><attwidth Sync="TRUE">10</attwidth></attr><attr><attrlabl Sync="TRUE">cod_urbain</attrlabl><attalias Sync="TRUE">cod_urbain</attalias><attrtype Sync="TRUE">String</attrtype><attwidth Sync="TRUE">10</attwidth></attr><attr><attrlabl Sync="TRUE">nom_off</attrlabl><attalias Sync="TRUE">nom_off</attalias><attrtype Sync="TRUE">String</attrtype><attwidth Sync="TRUE">254</attwidth></attr><attr><attrlabl Sync="TRUE">nom_sec</attrlabl><attalias Sync="TRUE">nom_sec</attalias><attrtype Sync="TRUE">String</attrtype><attwidth Sync="TRUE">254</attwidth></attr><attr><attrlabl Sync="TRUE">noeud_deb</attrlabl><attalias Sync="TRUE">noeud_deb</attalias><attrtype Sync="TRUE">Number</attrtype><attwidth Sync="TRUE">9</attwidth></attr><attr><attrlabl Sync="TRUE">noeud_fin</attrlabl><attalias Sync="TRUE">noeud_fin</attalias><attrtype Sync="TRUE">Number</attrtype><attwidth Sync="TRUE">9</attwidth></attr><attr><attrlabl Sync="TRUE">type_tronc</attrlabl><attalias Sync="TRUE">type_tronc</attalias><attrtype Sync="TRUE">String</attrtype><attwidth Sync="TRUE">3</attwidth></attr><attr><attrlabl Sync="TRUE">cls_tcn_fn</attrlabl><attalias Sync="TRUE">cls_tcn_fn</attalias><attrtype Sync="TRUE">String</attrtype><attwidth Sync="TRUE">1</attwidth></attr><attr><attrlabl Sync="TRUE">cls_admin</attrlabl><attalias Sync="TRUE">cls_admin</attalias><attrtype Sync="TRUE">String</attrtype><attwidth Sync="TRUE">2</attwidth></attr><attr><attrlabl Sync="TRUE">type_sed</attrlabl><attalias Sync="TRUE">type_sed</attalias><attrtype Sync="TRUE">String</attrtype><attwidth Sync="TRUE">2</attwidth></attr><attr><attrlabl Sync="TRUE">etat_util</attrlabl><attalias Sync="TRUE">etat_util</attalias><attrtype Sync="TRUE">String</attrtype><attwidth Sync="TRUE">2</attwidth></attr><attr><attrlabl Sync="TRUE">type_rev</attrlabl><attalias Sync="TRUE">type_rev</attalias><attrtype Sync="TRUE">String</attrtype><attwidth Sync="TRUE">3</attwidth></attr><attr><attrlabl Sync="TRUE">source</attrlabl><attalias Sync="TRUE">source</attalias><attrtype Sync="TRUE">String</attrtype><attwidth Sync="TRUE">2</attwidth></attr><attr><attrlabl Sync="TRUE">separat</attrlabl><attalias Sync="TRUE">separat</attalias><attrtype Sync="TRUE">String</attrtype><attwidth Sync="TRUE">1</attwidth></attr><attr><attrlabl Sync="TRUE">sens_circu</attrlabl><attalias Sync="TRUE">sens_circu</attalias><attrtype Sync="TRUE">String</attrtype><attwidth Sync="TRUE">2</attwidth></attr><attr><attrlabl Sync="TRUE">cod_admin</attrlabl><attalias Sync="TRUE">cod_admin</attalias><attrtype Sync="TRUE">String</attrtype><attwidth Sync="TRUE">8</attwidth></attr><attr><attrlabl Sync="TRUE">SHAPE_Leng</attrlabl><attalias Sync="TRUE">SHAPE_Leng</attalias><attrtype Sync="TRUE">Float</attrtype><attwidth Sync="TRUE">19</attwidth><atnumdec Sync="TRUE">11</atnumdec></attr><attr><attrlabl Sync="TRUE">X1</attrlabl><attalias Sync="TRUE">X1</attalias><attrtype Sync="TRUE">Float</attrtype><attwidth Sync="TRUE">19</attwidth><atnumdec Sync="TRUE">11</atnumdec></attr><attr><attrlabl Sync="TRUE">Y1</attrlabl><attalias Sync="TRUE">Y1</attalias><attrtype Sync="TRUE">Float</attrtype><attwidth Sync="TRUE">19</attwidth><atnumdec Sync="TRUE">11</atnumdec></attr><attr><attrlabl Sync="TRUE">Importance</attrlabl><attalias Sync="TRUE">Importance</attalias><attrtype Sync="TRUE">Float</attrtype><attwidth Sync="TRUE">19</attwidth><atnumdec Sync="TRUE">11</atnumdec></attr><attr><attrlabl Sync="TRUE">X2</attrlabl><attalias Sync="TRUE">X2</attalias><attrtype Sync="TRUE">Float</attrtype><attwidth Sync="TRUE">19</attwidth><atnumdec Sync="TRUE">11</atnumdec></attr><attr><attrlabl Sync="TRUE">Y2</attrlabl><attalias Sync="TRUE">Y2</attalias><attrtype Sync="TRUE">Number</attrtype><attwidth Sync="TRUE">9</attwidth></attr><attr><attrlabl Sync="TRUE">Ordre_Imp</attrlabl><attalias Sync="TRUE">Ordre Importance de la route</attalias><attrtype Sync="TRUE">String</attrtype><attwidth Sync="TRUE">2</attwidth></attr><attr><attrlabl Sync="TRUE">operator</attrlabl><attalias Sync="TRUE">operator</attalias><attrtype Sync="TRUE">String</attrtype><attwidth Sync="TRUE">2</attwidth></attr><attr><attrlabl Sync="TRUE">Id</attrlabl><attalias Sync="TRUE">Id</attalias><attrtype Sync="TRUE">String</attrtype><attwidth Sync="TRUE">50</attwidth></attr><attr><attrlabl Sync="TRUE">Numeri_Par</attrlabl><attalias Sync="TRUE">Numeri_Par</attalias><attrtype Sync="TRUE">Number</attrtype><attwidth Sync="TRUE">9</attwidth></attr><attr><attrlabl Sync="TRUE">Trace_ID</attrlabl><attalias Sync="TRUE">Trace_ID</attalias><attrtype Sync="TRUE">String</attrtype><attwidth Sync="TRUE">7</attwidth></attr><attr><attrlabl Sync="TRUE">ID_IF</attrlabl><attalias Sync="TRUE">ID_IF</attalias><attrtype Sync="TRUE">String</attrtype><attwidth Sync="TRUE">11</attwidth></attr><attr><attrlabl Sync="TRUE">toponymie</attrlabl><attalias Sync="TRUE">toponymie</attalias><attrtype Sync="TRUE">Number</attrtype><attwidth Sync="TRUE">4</attwidth></attr><attr><attrlabl Sync="TRUE">Etat_Numer</attrlabl><attalias Sync="TRUE">Etat_Numer</attalias><attrtype Sync="TRUE">Number</attrtype><attwidth Sync="TRUE">4</attwidth></attr><attr><attrlabl Sync="TRUE">FID</attrlabl><attalias Sync="TRUE">FID</attalias><attrtype Sync="TRUE">String</attrtype><attwidth Sync="TRUE">10</attwidth><attrdef Sync="TRUE">Internal feature number.</attrdef><attrdefs Sync="TRUE">ESRI</attrdefs><attrdomv><udom Sync="TRUE">Sequential unique whole numbers that are automatically generated.</udom></attrdomv></attr><attr><attrlabl Sync="TRUE">Type_Trace</attrlabl><attalias Sync="TRUE">Type_Trace</attalias><attrtype Sync="TRUE">String</attrtype><attwidth Sync="TRUE">20</attwidth></attr><attr><attrlabl Sync="TRUE">sens_cir_1</attrlabl><attalias Sync="TRUE">sens_cir_1</attalias><attrtype Sync="TRUE">String</attrtype><attwidth Sync="TRUE">50</attwidth></attr><attr><attrlabl Sync="TRUE">Shape_Le_1</attrlabl><attalias Sync="TRUE">Shape_Le_1</attalias><attrtype Sync="TRUE">Float</attrtype><attwidth Sync="TRUE">19</attwidth><atnumdec Sync="TRUE">11</atnumdec></attr></detailed></eainfo><mdDateSt Sync="TRUE">20090813</mdDateSt><dataqual><lineage><procstep><procdesc Sync="TRUE">Dataset copied.</procdesc><srcused Sync="TRUE"></srcused><procdate Sync="TRUE">20130222</procdate><proctime Sync="TRUE">09242300</proctime></procstep></lineage></dataqual></metadata>
